student_name,date,status
Liam Chen,2025-09-01,present
Liam Chen,2025-09-02,present
Liam Chen,2025-09-03,late
Liam Chen,2025-09-04,present
Liam Chen,2025-09-07,absent
Liam Chen,2025-09-08,present
Liam Chen,2025-09-09,present
Liam Chen,2025-09-10,absent
Liam Chen,2025-09-11,late
Liam Chen,2025-09-14,present
Liam Chen,2025-09-15,present
Liam Chen,2025-09-16,late
Liam Chen,2025-09-17,present
Liam Chen,2025-09-18,present
Liam Chen,2025-09-21,present
Liam Chen,2025-09-22,present
Liam Chen,2025-09-23,present
Liam Chen,2025-09-24,present
Liam Chen,2025-09-25,absent
Liam Chen,2025-09-28,present
Liam Chen,2025-09-29,present
Liam Chen,2025-09-30,present
Liam Chen,2025-10-01,late
Liam Chen,2025-10-02,present
Liam Chen,2025-10-05,present
Liam Chen,2025-10-06,present
Liam Chen,2025-10-07,absent
Liam Chen,2025-10-08,present
Liam Chen,2025-10-09,present
Liam Chen,2025-10-12,present
Liam Chen,2025-10-13,present
Liam Chen,2025-10-14,present
Liam Chen,2025-10-15,present
Liam Chen,2025-10-16,present
Liam Chen,2025-10-19,present
Liam Chen,2025-10-20,present
Liam Chen,2025-10-21,absent
Liam Chen,2025-10-22,present
Liam Chen,2025-10-23,present
Liam Chen,2025-10-26,present
Liam Chen,2025-10-27,present
Liam Chen,2025-10-28,absent
Liam Chen,2025-10-29,present
Liam Chen,2025-10-30,present
Liam Chen,2025-11-02,absent
Liam Chen,2025-11-03,present
Liam Chen,2025-11-04,absent
Liam Chen,2025-11-05,late
Liam Chen,2025-11-06,present
Liam Chen,2025-11-09,present
Liam Chen,2025-11-10,absent
Liam Chen,2025-11-11,present
Liam Chen,2025-11-12,present
Liam Chen,2025-11-13,absent
Liam Chen,2025-11-16,late
Liam Chen,2025-11-17,present
Liam Chen,2025-11-18,late
Liam Chen,2025-11-19,present
Liam Chen,2025-11-20,absent
Liam Chen,2025-11-23,present
Liam Chen,2025-11-24,present
Liam Chen,2025-11-25,present
Liam Chen,2025-11-26,present
Sofia Rodriguez,2025-09-01,present
Sofia Rodriguez,2025-09-02,absent
Sofia Rodriguez,2025-09-03,present
Sofia Rodriguez,2025-09-04,present
Sofia Rodriguez,2025-09-07,present
Sofia Rodriguez,2025-09-08,present
Sofia Rodriguez,2025-09-09,present
Sofia Rodriguez,2025-09-10,present
Sofia Rodriguez,2025-09-11,present
Sofia Rodriguez,2025-09-14,present
Sofia Rodriguez,2025-09-15,absent
Sofia Rodriguez,2025-09-16,present
Sofia Rodriguez,2025-09-17,present
Sofia Rodriguez,2025-09-18,present
Sofia Rodriguez,2025-09-21,present
Sofia Rodriguez,2025-09-22,absent
Sofia Rodriguez,2025-09-23,present
Sofia Rodriguez,2025-09-24,present
Sofia Rodriguez,2025-09-25,present
Sofia Rodriguez,2025-09-28,present
Sofia Rodriguez,2025-09-29,present
Sofia Rodriguez,2025-09-30,present
Sofia Rodriguez,2025-10-01,present
Sofia Rodriguez,2025-10-02,absent
Sofia Rodriguez,2025-10-05,present
Sofia Rodriguez,2025-10-06,present
Sofia Rodriguez,2025-10-07,present
Sofia Rodriguez,2025-10-08,present
Sofia Rodriguez,2025-10-09,present
Sofia Rodriguez,2025-10-12,present
Sofia Rodriguez,2025-10-13,present
Sofia Rodriguez,2025-10-14,present
Sofia Rodriguez,2025-10-15,absent
Sofia Rodriguez,2025-10-16,present
Sofia Rodriguez,2025-10-19,present
Sofia Rodriguez,2025-10-20,present
Sofia Rodriguez,2025-10-21,absent
Sofia Rodriguez,2025-10-22,present
Sofia Rodriguez,2025-10-23,absent
Sofia Rodriguez,2025-10-26,present
Sofia Rodriguez,2025-10-27,present
Sofia Rodriguez,2025-10-28,present
Sofia Rodriguez,2025-10-29,present
Sofia Rodriguez,2025-10-30,present
Sofia Rodriguez,2025-11-02,present
Sofia Rodriguez,2025-11-03,present
Sofia Rodriguez,2025-11-04,absent
Sofia Rodriguez,2025-11-05,absent
Sofia Rodriguez,2025-11-06,present
Sofia Rodriguez,2025-11-09,present
Sofia Rodriguez,2025-11-10,present
Sofia Rodriguez,2025-11-11,present
Sofia Rodriguez,2025-11-12,absent
Sofia Rodriguez,2025-11-13,present
Sofia Rodriguez,2025-11-16,present
Sofia Rodriguez,2025-11-17,absent
Sofia Rodriguez,2025-11-18,absent
Sofia Rodriguez,2025-11-19,present
Sofia Rodriguez,2025-11-20,present
Sofia Rodriguez,2025-11-23,present
Sofia Rodriguez,2025-11-24,present
Sofia Rodriguez,2025-11-25,present
Sofia Rodriguez,2025-11-26,late
Jake Thompson,2025-09-01,present
Jake Thompson,2025-09-02,present
Jake Thompson,2025-09-03,present
Jake Thompson,2025-09-04,present
Jake Thompson,2025-09-07,present
Jake Thompson,2025-09-08,absent
Jake Thompson,2025-09-09,present
Jake Thompson,2025-09-10,present
Jake Thompson,2025-09-11,present
Jake Thompson,2025-09-14,present
Jake Thompson,2025-09-15,present
Jake Thompson,2025-09-16,present
Jake Thompson,2025-09-17,present
Jake Thompson,2025-09-18,present
Jake Thompson,2025-09-21,present
Jake Thompson,2025-09-22,present
Jake Thompson,2025-09-23,present
Jake Thompson,2025-09-24,present
Jake Thompson,2025-09-25,present
Jake Thompson,2025-09-28,present
Jake Thompson,2025-09-29,present
Jake Thompson,2025-09-30,present
Jake Thompson,2025-10-01,present
Jake Thompson,2025-10-02,present
Jake Thompson,2025-10-05,present
Jake Thompson,2025-10-06,present
Jake Thompson,2025-10-07,present
Jake Thompson,2025-10-08,present
Jake Thompson,2025-10-09,present
Jake Thompson,2025-10-12,present
Jake Thompson,2025-10-13,present
Jake Thompson,2025-10-14,present
Jake Thompson,2025-10-15,present
Jake Thompson,2025-10-16,absent
Jake Thompson,2025-10-19,present
Jake Thompson,2025-10-20,present
Jake Thompson,2025-10-21,present
Jake Thompson,2025-10-22,present
Jake Thompson,2025-10-23,present
Jake Thompson,2025-10-26,present
Jake Thompson,2025-10-27,present
Jake Thompson,2025-10-28,present
Jake Thompson,2025-10-29,present
Jake Thompson,2025-10-30,present
Jake Thompson,2025-11-02,present
Jake Thompson,2025-11-03,present
Jake Thompson,2025-11-04,present
Jake Thompson,2025-11-05,present
Jake Thompson,2025-11-06,present
Jake Thompson,2025-11-09,present
Jake Thompson,2025-11-10,present
Jake Thompson,2025-11-11,present
Jake Thompson,2025-11-12,absent
Jake Thompson,2025-11-13,present
Jake Thompson,2025-11-16,present
Jake Thompson,2025-11-17,present
Jake Thompson,2025-11-18,present
Jake Thompson,2025-11-19,present
Jake Thompson,2025-11-20,present
Jake Thompson,2025-11-23,present
Jake Thompson,2025-11-24,present
Jake Thompson,2025-11-25,present
Jake Thompson,2025-11-26,absent
Aisha Patel,2025-09-01,present
Aisha Patel,2025-09-02,present
Aisha Patel,2025-09-03,present
Aisha Patel,2025-09-04,present
Aisha Patel,2025-09-07,absent
Aisha Patel,2025-09-08,present
Aisha Patel,2025-09-09,absent
Aisha Patel,2025-09-10,late
Aisha Patel,2025-09-11,present
Aisha Patel,2025-09-14,present
Aisha Patel,2025-09-15,absent
Aisha Patel,2025-09-16,present
Aisha Patel,2025-09-17,present
Aisha Patel,2025-09-18,present
Aisha Patel,2025-09-21,present
Aisha Patel,2025-09-22,present
Aisha Patel,2025-09-23,present
Aisha Patel,2025-09-24,present
Aisha Patel,2025-09-25,present
Aisha Patel,2025-09-28,present
Aisha Patel,2025-09-29,present
Aisha Patel,2025-09-30,present
Aisha Patel,2025-10-01,present
Aisha Patel,2025-10-02,present
Aisha Patel,2025-10-05,present
Aisha Patel,2025-10-06,present
Aisha Patel,2025-10-07,present
Aisha Patel,2025-10-08,present
Aisha Patel,2025-10-09,present
Aisha Patel,2025-10-12,present
Aisha Patel,2025-10-13,absent
Aisha Patel,2025-10-14,present
Aisha Patel,2025-10-15,present
Aisha Patel,2025-10-16,present
Aisha Patel,2025-10-19,present
Aisha Patel,2025-10-20,present
Aisha Patel,2025-10-21,present
Aisha Patel,2025-10-22,present
Aisha Patel,2025-10-23,present
Aisha Patel,2025-10-26,present
Aisha Patel,2025-10-27,present
Aisha Patel,2025-10-28,present
Aisha Patel,2025-10-29,present
Aisha Patel,2025-10-30,present
Aisha Patel,2025-11-02,present
Aisha Patel,2025-11-03,present
Aisha Patel,2025-11-04,present
Aisha Patel,2025-11-05,present
Aisha Patel,2025-11-06,absent
Aisha Patel,2025-11-09,present
Aisha Patel,2025-11-10,absent
Aisha Patel,2025-11-11,present
Aisha Patel,2025-11-12,present
Aisha Patel,2025-11-13,present
Aisha Patel,2025-11-16,present
Aisha Patel,2025-11-17,present
Aisha Patel,2025-11-18,present
Aisha Patel,2025-11-19,present
Aisha Patel,2025-11-20,present
Aisha Patel,2025-11-23,late
Aisha Patel,2025-11-24,present
Aisha Patel,2025-11-25,present
Aisha Patel,2025-11-26,late
Marcus Williams,2025-09-01,present
Marcus Williams,2025-09-02,absent
Marcus Williams,2025-09-03,present
Marcus Williams,2025-09-04,present
Marcus Williams,2025-09-07,absent
Marcus Williams,2025-09-08,present
Marcus Williams,2025-09-09,absent
Marcus Williams,2025-09-10,present
Marcus Williams,2025-09-11,present
Marcus Williams,2025-09-14,present
Marcus Williams,2025-09-15,present
Marcus Williams,2025-09-16,present
Marcus Williams,2025-09-17,present
Marcus Williams,2025-09-18,present
Marcus Williams,2025-09-21,present
Marcus Williams,2025-09-22,present
Marcus Williams,2025-09-23,present
Marcus Williams,2025-09-24,present
Marcus Williams,2025-09-25,present
Marcus Williams,2025-09-28,present
Marcus Williams,2025-09-29,present
Marcus Williams,2025-09-30,present
Marcus Williams,2025-10-01,present
Marcus Williams,2025-10-02,present
Marcus Williams,2025-10-05,present
Marcus Williams,2025-10-06,present
Marcus Williams,2025-10-07,present
Marcus Williams,2025-10-08,present
Marcus Williams,2025-10-09,present
Marcus Williams,2025-10-12,present
Marcus Williams,2025-10-13,present
Marcus Williams,2025-10-14,present
Marcus Williams,2025-10-15,present
Marcus Williams,2025-10-16,present
Marcus Williams,2025-10-19,present
Marcus Williams,2025-10-20,present
Marcus Williams,2025-10-21,present
Marcus Williams,2025-10-22,late
Marcus Williams,2025-10-23,present
Marcus Williams,2025-10-26,present
Marcus Williams,2025-10-27,present
Marcus Williams,2025-10-28,present
Marcus Williams,2025-10-29,present
Marcus Williams,2025-10-30,present
Marcus Williams,2025-11-02,present
Marcus Williams,2025-11-03,present
Marcus Williams,2025-11-04,present
Marcus Williams,2025-11-05,present
Marcus Williams,2025-11-06,present
Marcus Williams,2025-11-09,present
Marcus Williams,2025-11-10,present
Marcus Williams,2025-11-11,present
Marcus Williams,2025-11-12,present
Marcus Williams,2025-11-13,present
Marcus Williams,2025-11-16,present
Marcus Williams,2025-11-17,present
Marcus Williams,2025-11-18,present
Marcus Williams,2025-11-19,present
Marcus Williams,2025-11-20,present
Marcus Williams,2025-11-23,present
Marcus Williams,2025-11-24,present
Marcus Williams,2025-11-25,present
Marcus Williams,2025-11-26,present
Noah Kim,2025-09-01,absent
Noah Kim,2025-09-02,present
Noah Kim,2025-09-03,present
Noah Kim,2025-09-04,present
Noah Kim,2025-09-07,present
Noah Kim,2025-09-08,present
Noah Kim,2025-09-09,present
Noah Kim,2025-09-10,present
Noah Kim,2025-09-11,present
Noah Kim,2025-09-14,present
Noah Kim,2025-09-15,present
Noah Kim,2025-09-16,present
Noah Kim,2025-09-17,present
Noah Kim,2025-09-18,present
Noah Kim,2025-09-21,present
Noah Kim,2025-09-22,present
Noah Kim,2025-09-23,absent
Noah Kim,2025-09-24,present
Noah Kim,2025-09-25,present
Noah Kim,2025-09-28,present
Noah Kim,2025-09-29,present
Noah Kim,2025-09-30,present
Noah Kim,2025-10-01,present
Noah Kim,2025-10-02,present
Noah Kim,2025-10-05,present
Noah Kim,2025-10-06,present
Noah Kim,2025-10-07,present
Noah Kim,2025-10-08,present
Noah Kim,2025-10-09,present
Noah Kim,2025-10-12,present
Noah Kim,2025-10-13,present
Noah Kim,2025-10-14,present
Noah Kim,2025-10-15,present
Noah Kim,2025-10-16,late
Noah Kim,2025-10-19,present
Noah Kim,2025-10-20,present
Noah Kim,2025-10-21,present
Noah Kim,2025-10-22,present
Noah Kim,2025-10-23,present
Noah Kim,2025-10-26,present
Noah Kim,2025-10-27,present
Noah Kim,2025-10-28,present
Noah Kim,2025-10-29,present
Noah Kim,2025-10-30,late
Noah Kim,2025-11-02,absent
Noah Kim,2025-11-03,absent
Noah Kim,2025-11-04,present
Noah Kim,2025-11-05,present
Noah Kim,2025-11-06,present
Noah Kim,2025-11-09,present
Noah Kim,2025-11-10,present
Noah Kim,2025-11-11,present
Noah Kim,2025-11-12,present
Noah Kim,2025-11-13,present
Noah Kim,2025-11-16,present
Noah Kim,2025-11-17,absent
Noah Kim,2025-11-18,present
Noah Kim,2025-11-19,present
Noah Kim,2025-11-20,late
Noah Kim,2025-11-23,present
Noah Kim,2025-11-24,present
Noah Kim,2025-11-25,present
Noah Kim,2025-11-26,present
Emma Davis,2025-09-01,present
Emma Davis,2025-09-02,present
Emma Davis,2025-09-03,present
Emma Davis,2025-09-04,present
Emma Davis,2025-09-07,present
Emma Davis,2025-09-08,present
Emma Davis,2025-09-09,present
Emma Davis,2025-09-10,present
Emma Davis,2025-09-11,present
Emma Davis,2025-09-14,present
Emma Davis,2025-09-15,present
Emma Davis,2025-09-16,present
Emma Davis,2025-09-17,present
Emma Davis,2025-09-18,present
Emma Davis,2025-09-21,present
Emma Davis,2025-09-22,present
Emma Davis,2025-09-23,present
Emma Davis,2025-09-24,present
Emma Davis,2025-09-25,present
Emma Davis,2025-09-28,present
Emma Davis,2025-09-29,present
Emma Davis,2025-09-30,present
Emma Davis,2025-10-01,present
Emma Davis,2025-10-02,present
Emma Davis,2025-10-05,present
Emma Davis,2025-10-06,present
Emma Davis,2025-10-07,present
Emma Davis,2025-10-08,present
Emma Davis,2025-10-09,present
Emma Davis,2025-10-12,present
Emma Davis,2025-10-13,present
Emma Davis,2025-10-14,present
Emma Davis,2025-10-15,absent
Emma Davis,2025-10-16,present
Emma Davis,2025-10-19,present
Emma Davis,2025-10-20,present
Emma Davis,2025-10-21,present
Emma Davis,2025-10-22,present
Emma Davis,2025-10-23,present
Emma Davis,2025-10-26,absent
Emma Davis,2025-10-27,present
Emma Davis,2025-10-28,absent
Emma Davis,2025-10-29,present
Emma Davis,2025-10-30,absent
Emma Davis,2025-11-02,present
Emma Davis,2025-11-03,present
Emma Davis,2025-11-04,present
Emma Davis,2025-11-05,present
Emma Davis,2025-11-06,present
Emma Davis,2025-11-09,present
Emma Davis,2025-11-10,present
Emma Davis,2025-11-11,present
Emma Davis,2025-11-12,present
Emma Davis,2025-11-13,present
Emma Davis,2025-11-16,present
Emma Davis,2025-11-17,present
Emma Davis,2025-11-18,present
Emma Davis,2025-11-19,present
Emma Davis,2025-11-20,present
Emma Davis,2025-11-23,absent
Emma Davis,2025-11-24,present
Emma Davis,2025-11-25,absent
Emma Davis,2025-11-26,present
Oliver Brown,2025-09-01,present
Oliver Brown,2025-09-02,present
Oliver Brown,2025-09-03,present
Oliver Brown,2025-09-04,present
Oliver Brown,2025-09-07,present
Oliver Brown,2025-09-08,present
Oliver Brown,2025-09-09,present
Oliver Brown,2025-09-10,present
Oliver Brown,2025-09-11,present
Oliver Brown,2025-09-14,absent
Oliver Brown,2025-09-15,present
Oliver Brown,2025-09-16,present
Oliver Brown,2025-09-17,present
Oliver Brown,2025-09-18,present
Oliver Brown,2025-09-21,present
Oliver Brown,2025-09-22,present
Oliver Brown,2025-09-23,present
Oliver Brown,2025-09-24,present
Oliver Brown,2025-09-25,present
Oliver Brown,2025-09-28,present
Oliver Brown,2025-09-29,present
Oliver Brown,2025-09-30,present
Oliver Brown,2025-10-01,present
Oliver Brown,2025-10-02,present
Oliver Brown,2025-10-05,present
Oliver Brown,2025-10-06,present
Oliver Brown,2025-10-07,present
Oliver Brown,2025-10-08,absent
Oliver Brown,2025-10-09,absent
Oliver Brown,2025-10-12,present
Oliver Brown,2025-10-13,present
Oliver Brown,2025-10-14,present
Oliver Brown,2025-10-15,present
Oliver Brown,2025-10-16,present
Oliver Brown,2025-10-19,present
Oliver Brown,2025-10-20,present
Oliver Brown,2025-10-21,present
Oliver Brown,2025-10-22,present
Oliver Brown,2025-10-23,present
Oliver Brown,2025-10-26,present
Oliver Brown,2025-10-27,present
Oliver Brown,2025-10-28,present
Oliver Brown,2025-10-29,present
Oliver Brown,2025-10-30,present
Oliver Brown,2025-11-02,present
Oliver Brown,2025-11-03,present
Oliver Brown,2025-11-04,present
Oliver Brown,2025-11-05,present
Oliver Brown,2025-11-06,present
Oliver Brown,2025-11-09,present
Oliver Brown,2025-11-10,present
Oliver Brown,2025-11-11,present
Oliver Brown,2025-11-12,present
Oliver Brown,2025-11-13,present
Oliver Brown,2025-11-16,present
Oliver Brown,2025-11-17,present
Oliver Brown,2025-11-18,present
Oliver Brown,2025-11-19,present
Oliver Brown,2025-11-20,present
Oliver Brown,2025-11-23,present
Oliver Brown,2025-11-24,present
Oliver Brown,2025-11-25,present
Oliver Brown,2025-11-26,present
Ava Wilson,2025-09-01,absent
Ava Wilson,2025-09-02,present
Ava Wilson,2025-09-03,present
Ava Wilson,2025-09-04,present
Ava Wilson,2025-09-07,present
Ava Wilson,2025-09-08,present
Ava Wilson,2025-09-09,present
Ava Wilson,2025-09-10,absent
Ava Wilson,2025-09-11,present
Ava Wilson,2025-09-14,present
Ava Wilson,2025-09-15,present
Ava Wilson,2025-09-16,present
Ava Wilson,2025-09-17,absent
Ava Wilson,2025-09-18,present
Ava Wilson,2025-09-21,present
Ava Wilson,2025-09-22,present
Ava Wilson,2025-09-23,present
Ava Wilson,2025-09-24,present
Ava Wilson,2025-09-25,present
Ava Wilson,2025-09-28,present
Ava Wilson,2025-09-29,present
Ava Wilson,2025-09-30,present
Ava Wilson,2025-10-01,present
Ava Wilson,2025-10-02,present
Ava Wilson,2025-10-05,present
Ava Wilson,2025-10-06,present
Ava Wilson,2025-10-07,present
Ava Wilson,2025-10-08,present
Ava Wilson,2025-10-09,present
Ava Wilson,2025-10-12,absent
Ava Wilson,2025-10-13,present
Ava Wilson,2025-10-14,present
Ava Wilson,2025-10-15,present
Ava Wilson,2025-10-16,present
Ava Wilson,2025-10-19,present
Ava Wilson,2025-10-20,present
Ava Wilson,2025-10-21,present
Ava Wilson,2025-10-22,present
Ava Wilson,2025-10-23,present
Ava Wilson,2025-10-26,present
Ava Wilson,2025-10-27,present
Ava Wilson,2025-10-28,present
Ava Wilson,2025-10-29,present
Ava Wilson,2025-10-30,present
Ava Wilson,2025-11-02,present
Ava Wilson,2025-11-03,present
Ava Wilson,2025-11-04,present
Ava Wilson,2025-11-05,present
Ava Wilson,2025-11-06,present
Ava Wilson,2025-11-09,present
Ava Wilson,2025-11-10,present
Ava Wilson,2025-11-11,present
Ava Wilson,2025-11-12,present
Ava Wilson,2025-11-13,present
Ava Wilson,2025-11-16,present
Ava Wilson,2025-11-17,present
Ava Wilson,2025-11-18,present
Ava Wilson,2025-11-19,present
Ava Wilson,2025-11-20,present
Ava Wilson,2025-11-23,present
Ava Wilson,2025-11-24,present
Ava Wilson,2025-11-25,present
Ava Wilson,2025-11-26,present
Ethan Martinez,2025-09-01,present
Ethan Martinez,2025-09-02,present
Ethan Martinez,2025-09-03,present
Ethan Martinez,2025-09-04,present
Ethan Martinez,2025-09-07,present
Ethan Martinez,2025-09-08,present
Ethan Martinez,2025-09-09,present
Ethan Martinez,2025-09-10,present
Ethan Martinez,2025-09-11,present
Ethan Martinez,2025-09-14,present
Ethan Martinez,2025-09-15,present
Ethan Martinez,2025-09-16,present
Ethan Martinez,2025-09-17,present
Ethan Martinez,2025-09-18,present
Ethan Martinez,2025-09-21,present
Ethan Martinez,2025-09-22,absent
Ethan Martinez,2025-09-23,present
Ethan Martinez,2025-09-24,present
Ethan Martinez,2025-09-25,present
Ethan Martinez,2025-09-28,present
Ethan Martinez,2025-09-29,present
Ethan Martinez,2025-09-30,present
Ethan Martinez,2025-10-01,present
Ethan Martinez,2025-10-02,present
Ethan Martinez,2025-10-05,present
Ethan Martinez,2025-10-06,present
Ethan Martinez,2025-10-07,present
Ethan Martinez,2025-10-08,present
Ethan Martinez,2025-10-09,present
Ethan Martinez,2025-10-12,present
Ethan Martinez,2025-10-13,present
Ethan Martinez,2025-10-14,present
Ethan Martinez,2025-10-15,present
Ethan Martinez,2025-10-16,present
Ethan Martinez,2025-10-19,absent
Ethan Martinez,2025-10-20,absent
Ethan Martinez,2025-10-21,absent
Ethan Martinez,2025-10-22,present
Ethan Martinez,2025-10-23,present
Ethan Martinez,2025-10-26,present
Ethan Martinez,2025-10-27,present
Ethan Martinez,2025-10-28,present
Ethan Martinez,2025-10-29,present
Ethan Martinez,2025-10-30,present
Ethan Martinez,2025-11-02,absent
Ethan Martinez,2025-11-03,present
Ethan Martinez,2025-11-04,present
Ethan Martinez,2025-11-05,present
Ethan Martinez,2025-11-06,present
Ethan Martinez,2025-11-09,present
Ethan Martinez,2025-11-10,present
Ethan Martinez,2025-11-11,present
Ethan Martinez,2025-11-12,present
Ethan Martinez,2025-11-13,present
Ethan Martinez,2025-11-16,present
Ethan Martinez,2025-11-17,present
Ethan Martinez,2025-11-18,present
Ethan Martinez,2025-11-19,present
Ethan Martinez,2025-11-20,present
Ethan Martinez,2025-11-23,present
Ethan Martinez,2025-11-24,present
Ethan Martinez,2025-11-25,present
Ethan Martinez,2025-11-26,present
Isabella Johnson,2025-09-01,present
Isabella Johnson,2025-09-02,present
Isabella Johnson,2025-09-03,present
Isabella Johnson,2025-09-04,present
Isabella Johnson,2025-09-07,present
Isabella Johnson,2025-09-08,present
Isabella Johnson,2025-09-09,present
Isabella Johnson,2025-09-10,present
Isabella Johnson,2025-09-11,present
Isabella Johnson,2025-09-14,present
Isabella Johnson,2025-09-15,present
Isabella Johnson,2025-09-16,present
Isabella Johnson,2025-09-17,present
Isabella Johnson,2025-09-18,present
Isabella Johnson,2025-09-21,present
Isabella Johnson,2025-09-22,present
Isabella Johnson,2025-09-23,present
Isabella Johnson,2025-09-24,present
Isabella Johnson,2025-09-25,present
Isabella Johnson,2025-09-28,present
Isabella Johnson,2025-09-29,present
Isabella Johnson,2025-09-30,present
Isabella Johnson,2025-10-01,present
Isabella Johnson,2025-10-02,present
Isabella Johnson,2025-10-05,present
Isabella Johnson,2025-10-06,present
Isabella Johnson,2025-10-07,present
Isabella Johnson,2025-10-08,present
Isabella Johnson,2025-10-09,present
Isabella Johnson,2025-10-12,present
Isabella Johnson,2025-10-13,present
Isabella Johnson,2025-10-14,present
Isabella Johnson,2025-10-15,present
Isabella Johnson,2025-10-16,present
Isabella Johnson,2025-10-19,present
Isabella Johnson,2025-10-20,present
Isabella Johnson,2025-10-21,present
Isabella Johnson,2025-10-22,present
Isabella Johnson,2025-10-23,present
Isabella Johnson,2025-10-26,present
Isabella Johnson,2025-10-27,present
Isabella Johnson,2025-10-28,present
Isabella Johnson,2025-10-29,present
Isabella Johnson,2025-10-30,present
Isabella Johnson,2025-11-02,present
Isabella Johnson,2025-11-03,present
Isabella Johnson,2025-11-04,present
Isabella Johnson,2025-11-05,present
Isabella Johnson,2025-11-06,late
Isabella Johnson,2025-11-09,present
Isabella Johnson,2025-11-10,present
Isabella Johnson,2025-11-11,present
Isabella Johnson,2025-11-12,present
Isabella Johnson,2025-11-13,present
Isabella Johnson,2025-11-16,present
Isabella Johnson,2025-11-17,present
Isabella Johnson,2025-11-18,present
Isabella Johnson,2025-11-19,present
Isabella Johnson,2025-11-20,present
Isabella Johnson,2025-11-23,present
Isabella Johnson,2025-11-24,present
Isabella Johnson,2025-11-25,present
Isabella Johnson,2025-11-26,present
Lucas Garcia,2025-09-01,present
Lucas Garcia,2025-09-02,present
Lucas Garcia,2025-09-03,present
Lucas Garcia,2025-09-04,present
Lucas Garcia,2025-09-07,present
Lucas Garcia,2025-09-08,present
Lucas Garcia,2025-09-09,present
Lucas Garcia,2025-09-10,late
Lucas Garcia,2025-09-11,present
Lucas Garcia,2025-09-14,late
Lucas Garcia,2025-09-15,present
Lucas Garcia,2025-09-16,present
Lucas Garcia,2025-09-17,present
Lucas Garcia,2025-09-18,present
Lucas Garcia,2025-09-21,present
Lucas Garcia,2025-09-22,present
Lucas Garcia,2025-09-23,present
Lucas Garcia,2025-09-24,present
Lucas Garcia,2025-09-25,present
Lucas Garcia,2025-09-28,present
Lucas Garcia,2025-09-29,present
Lucas Garcia,2025-09-30,present
Lucas Garcia,2025-10-01,present
Lucas Garcia,2025-10-02,present
Lucas Garcia,2025-10-05,present
Lucas Garcia,2025-10-06,present
Lucas Garcia,2025-10-07,present
Lucas Garcia,2025-10-08,present
Lucas Garcia,2025-10-09,present
Lucas Garcia,2025-10-12,present
Lucas Garcia,2025-10-13,present
Lucas Garcia,2025-10-14,absent
Lucas Garcia,2025-10-15,present
Lucas Garcia,2025-10-16,present
Lucas Garcia,2025-10-19,present
Lucas Garcia,2025-10-20,present
Lucas Garcia,2025-10-21,present
Lucas Garcia,2025-10-22,present
Lucas Garcia,2025-10-23,present
Lucas Garcia,2025-10-26,late
Lucas Garcia,2025-10-27,present
Lucas Garcia,2025-10-28,present
Lucas Garcia,2025-10-29,late
Lucas Garcia,2025-10-30,present
Lucas Garcia,2025-11-02,present
Lucas Garcia,2025-11-03,present
Lucas Garcia,2025-11-04,present
Lucas Garcia,2025-11-05,present
Lucas Garcia,2025-11-06,absent
Lucas Garcia,2025-11-09,present
Lucas Garcia,2025-11-10,present
Lucas Garcia,2025-11-11,present
Lucas Garcia,2025-11-12,present
Lucas Garcia,2025-11-13,present
Lucas Garcia,2025-11-16,present
Lucas Garcia,2025-11-17,present
Lucas Garcia,2025-11-18,present
Lucas Garcia,2025-11-19,present
Lucas Garcia,2025-11-20,present
Lucas Garcia,2025-11-23,present
Lucas Garcia,2025-11-24,present
Lucas Garcia,2025-11-25,present
Lucas Garcia,2025-11-26,present
Mia Anderson,2025-09-01,present
Mia Anderson,2025-09-02,present
Mia Anderson,2025-09-03,present
Mia Anderson,2025-09-04,present
Mia Anderson,2025-09-07,present
Mia Anderson,2025-09-08,present
Mia Anderson,2025-09-09,present
Mia Anderson,2025-09-10,present
Mia Anderson,2025-09-11,present
Mia Anderson,2025-09-14,present
Mia Anderson,2025-09-15,present
Mia Anderson,2025-09-16,present
Mia Anderson,2025-09-17,present
Mia Anderson,2025-09-18,present
Mia Anderson,2025-09-21,present
Mia Anderson,2025-09-22,present
Mia Anderson,2025-09-23,present
Mia Anderson,2025-09-24,present
Mia Anderson,2025-09-25,present
Mia Anderson,2025-09-28,present
Mia Anderson,2025-09-29,present
Mia Anderson,2025-09-30,present
Mia Anderson,2025-10-01,present
Mia Anderson,2025-10-02,present
Mia Anderson,2025-10-05,present
Mia Anderson,2025-10-06,present
Mia Anderson,2025-10-07,present
Mia Anderson,2025-10-08,present
Mia Anderson,2025-10-09,present
Mia Anderson,2025-10-12,present
Mia Anderson,2025-10-13,present
Mia Anderson,2025-10-14,present
Mia Anderson,2025-10-15,absent
Mia Anderson,2025-10-16,present
Mia Anderson,2025-10-19,present
Mia Anderson,2025-10-20,present
Mia Anderson,2025-10-21,present
Mia Anderson,2025-10-22,present
Mia Anderson,2025-10-23,present
Mia Anderson,2025-10-26,present
Mia Anderson,2025-10-27,present
Mia Anderson,2025-10-28,present
Mia Anderson,2025-10-29,present
Mia Anderson,2025-10-30,present
Mia Anderson,2025-11-02,present
Mia Anderson,2025-11-03,present
Mia Anderson,2025-11-04,present
Mia Anderson,2025-11-05,present
Mia Anderson,2025-11-06,present
Mia Anderson,2025-11-09,present
Mia Anderson,2025-11-10,present
Mia Anderson,2025-11-11,present
Mia Anderson,2025-11-12,present
Mia Anderson,2025-11-13,present
Mia Anderson,2025-11-16,present
Mia Anderson,2025-11-17,present
Mia Anderson,2025-11-18,late
Mia Anderson,2025-11-19,present
Mia Anderson,2025-11-20,present
Mia Anderson,2025-11-23,present
Mia Anderson,2025-11-24,present
Mia Anderson,2025-11-25,present
Mia Anderson,2025-11-26,present
Mason Taylor,2025-09-01,late
Mason Taylor,2025-09-02,present
Mason Taylor,2025-09-03,present
Mason Taylor,2025-09-04,present
Mason Taylor,2025-09-07,present
Mason Taylor,2025-09-08,present
Mason Taylor,2025-09-09,absent
Mason Taylor,2025-09-10,present
Mason Taylor,2025-09-11,present
Mason Taylor,2025-09-14,present
Mason Taylor,2025-09-15,absent
Mason Taylor,2025-09-16,present
Mason Taylor,2025-09-17,present
Mason Taylor,2025-09-18,present
Mason Taylor,2025-09-21,present
Mason Taylor,2025-09-22,present
Mason Taylor,2025-09-23,absent
Mason Taylor,2025-09-24,present
Mason Taylor,2025-09-25,absent
Mason Taylor,2025-09-28,present
Mason Taylor,2025-09-29,present
Mason Taylor,2025-09-30,present
Mason Taylor,2025-10-01,present
Mason Taylor,2025-10-02,present
Mason Taylor,2025-10-05,present
Mason Taylor,2025-10-06,present
Mason Taylor,2025-10-07,absent
Mason Taylor,2025-10-08,absent
Mason Taylor,2025-10-09,present
Mason Taylor,2025-10-12,present
Mason Taylor,2025-10-13,present
Mason Taylor,2025-10-14,present
Mason Taylor,2025-10-15,present
Mason Taylor,2025-10-16,present
Mason Taylor,2025-10-19,present
Mason Taylor,2025-10-20,present
Mason Taylor,2025-10-21,present
Mason Taylor,2025-10-22,present
Mason Taylor,2025-10-23,present
Mason Taylor,2025-10-26,present
Mason Taylor,2025-10-27,present
Mason Taylor,2025-10-28,present
Mason Taylor,2025-10-29,present
Mason Taylor,2025-10-30,present
Mason Taylor,2025-11-02,present
Mason Taylor,2025-11-03,present
Mason Taylor,2025-11-04,present
Mason Taylor,2025-11-05,present
Mason Taylor,2025-11-06,present
Mason Taylor,2025-11-09,present
Mason Taylor,2025-11-10,present
Mason Taylor,2025-11-11,present
Mason Taylor,2025-11-12,present
Mason Taylor,2025-11-13,late
Mason Taylor,2025-11-16,present
Mason Taylor,2025-11-17,present
Mason Taylor,2025-11-18,present
Mason Taylor,2025-11-19,absent
Mason Taylor,2025-11-20,present
Mason Taylor,2025-11-23,present
Mason Taylor,2025-11-24,present
Mason Taylor,2025-11-25,present
Mason Taylor,2025-11-26,present
Charlotte Thomas,2025-09-01,absent
Charlotte Thomas,2025-09-02,present
Charlotte Thomas,2025-09-03,present
Charlotte Thomas,2025-09-04,present
Charlotte Thomas,2025-09-07,present
Charlotte Thomas,2025-09-08,present
Charlotte Thomas,2025-09-09,present
Charlotte Thomas,2025-09-10,present
Charlotte Thomas,2025-09-11,present
Charlotte Thomas,2025-09-14,present
Charlotte Thomas,2025-09-15,present
Charlotte Thomas,2025-09-16,present
Charlotte Thomas,2025-09-17,present
Charlotte Thomas,2025-09-18,present
Charlotte Thomas,2025-09-21,present
Charlotte Thomas,2025-09-22,present
Charlotte Thomas,2025-09-23,present
Charlotte Thomas,2025-09-24,present
Charlotte Thomas,2025-09-25,present
Charlotte Thomas,2025-09-28,present
Charlotte Thomas,2025-09-29,present
Charlotte Thomas,2025-09-30,present
Charlotte Thomas,2025-10-01,present
Charlotte Thomas,2025-10-02,present
Charlotte Thomas,2025-10-05,present
Charlotte Thomas,2025-10-06,present
Charlotte Thomas,2025-10-07,present
Charlotte Thomas,2025-10-08,present
Charlotte Thomas,2025-10-09,present
Charlotte Thomas,2025-10-12,absent
Charlotte Thomas,2025-10-13,present
Charlotte Thomas,2025-10-14,present
Charlotte Thomas,2025-10-15,present
Charlotte Thomas,2025-10-16,present
Charlotte Thomas,2025-10-19,present
Charlotte Thomas,2025-10-20,present
Charlotte Thomas,2025-10-21,present
Charlotte Thomas,2025-10-22,present
Charlotte Thomas,2025-10-23,present
Charlotte Thomas,2025-10-26,present
Charlotte Thomas,2025-10-27,present
Charlotte Thomas,2025-10-28,present
Charlotte Thomas,2025-10-29,present
Charlotte Thomas,2025-10-30,present
Charlotte Thomas,2025-11-02,present
Charlotte Thomas,2025-11-03,present
Charlotte Thomas,2025-11-04,present
Charlotte Thomas,2025-11-05,present
Charlotte Thomas,2025-11-06,present
Charlotte Thomas,2025-11-09,present
Charlotte Thomas,2025-11-10,present
Charlotte Thomas,2025-11-11,present
Charlotte Thomas,2025-11-12,present
Charlotte Thomas,2025-11-13,present
Charlotte Thomas,2025-11-16,present
Charlotte Thomas,2025-11-17,present
Charlotte Thomas,2025-11-18,present
Charlotte Thomas,2025-11-19,present
Charlotte Thomas,2025-11-20,present
Charlotte Thomas,2025-11-23,present
Charlotte Thomas,2025-11-24,present
Charlotte Thomas,2025-11-25,present
Charlotte Thomas,2025-11-26,present
Logan Jackson,2025-09-01,present
Logan Jackson,2025-09-02,present
Logan Jackson,2025-09-03,present
Logan Jackson,2025-09-04,present
Logan Jackson,2025-09-07,present
Logan Jackson,2025-09-08,present
Logan Jackson,2025-09-09,present
Logan Jackson,2025-09-10,present
Logan Jackson,2025-09-11,present
Logan Jackson,2025-09-14,present
Logan Jackson,2025-09-15,present
Logan Jackson,2025-09-16,present
Logan Jackson,2025-09-17,present
Logan Jackson,2025-09-18,present
Logan Jackson,2025-09-21,present
Logan Jackson,2025-09-22,present
Logan Jackson,2025-09-23,present
Logan Jackson,2025-09-24,present
Logan Jackson,2025-09-25,present
Logan Jackson,2025-09-28,present
Logan Jackson,2025-09-29,present
Logan Jackson,2025-09-30,present
Logan Jackson,2025-10-01,present
Logan Jackson,2025-10-02,present
Logan Jackson,2025-10-05,present
Logan Jackson,2025-10-06,present
Logan Jackson,2025-10-07,present
Logan Jackson,2025-10-08,absent
Logan Jackson,2025-10-09,present
Logan Jackson,2025-10-12,present
Logan Jackson,2025-10-13,present
Logan Jackson,2025-10-14,present
Logan Jackson,2025-10-15,present
Logan Jackson,2025-10-16,present
Logan Jackson,2025-10-19,present
Logan Jackson,2025-10-20,late
Logan Jackson,2025-10-21,present
Logan Jackson,2025-10-22,present
Logan Jackson,2025-10-23,absent
Logan Jackson,2025-10-26,present
Logan Jackson,2025-10-27,late
Logan Jackson,2025-10-28,present
Logan Jackson,2025-10-29,present
Logan Jackson,2025-10-30,absent
Logan Jackson,2025-11-02,present
Logan Jackson,2025-11-03,present
Logan Jackson,2025-11-04,late
Logan Jackson,2025-11-05,present
Logan Jackson,2025-11-06,present
Logan Jackson,2025-11-09,absent
Logan Jackson,2025-11-10,present
Logan Jackson,2025-11-11,present
Logan Jackson,2025-11-12,present
Logan Jackson,2025-11-13,present
Logan Jackson,2025-11-16,present
Logan Jackson,2025-11-17,present
Logan Jackson,2025-11-18,present
Logan Jackson,2025-11-19,present
Logan Jackson,2025-11-20,present
Logan Jackson,2025-11-23,present
Logan Jackson,2025-11-24,present
Logan Jackson,2025-11-25,present
Logan Jackson,2025-11-26,present
Amelia White,2025-09-01,present
Amelia White,2025-09-02,present
Amelia White,2025-09-03,present
Amelia White,2025-09-04,present
Amelia White,2025-09-07,present
Amelia White,2025-09-08,present
Amelia White,2025-09-09,present
Amelia White,2025-09-10,present
Amelia White,2025-09-11,present
Amelia White,2025-09-14,present
Amelia White,2025-09-15,present
Amelia White,2025-09-16,absent
Amelia White,2025-09-17,present
Amelia White,2025-09-18,present
Amelia White,2025-09-21,present
Amelia White,2025-09-22,present
Amelia White,2025-09-23,present
Amelia White,2025-09-24,present
Amelia White,2025-09-25,present
Amelia White,2025-09-28,present
Amelia White,2025-09-29,present
Amelia White,2025-09-30,present
Amelia White,2025-10-01,present
Amelia White,2025-10-02,present
Amelia White,2025-10-05,present
Amelia White,2025-10-06,present
Amelia White,2025-10-07,present
Amelia White,2025-10-08,absent
Amelia White,2025-10-09,absent
Amelia White,2025-10-12,present
Amelia White,2025-10-13,present
Amelia White,2025-10-14,present
Amelia White,2025-10-15,present
Amelia White,2025-10-16,present
Amelia White,2025-10-19,present
Amelia White,2025-10-20,present
Amelia White,2025-10-21,present
Amelia White,2025-10-22,present
Amelia White,2025-10-23,present
Amelia White,2025-10-26,present
Amelia White,2025-10-27,present
Amelia White,2025-10-28,present
Amelia White,2025-10-29,present
Amelia White,2025-10-30,present
Amelia White,2025-11-02,present
Amelia White,2025-11-03,present
Amelia White,2025-11-04,present
Amelia White,2025-11-05,present
Amelia White,2025-11-06,present
Amelia White,2025-11-09,present
Amelia White,2025-11-10,present
Amelia White,2025-11-11,present
Amelia White,2025-11-12,present
Amelia White,2025-11-13,present
Amelia White,2025-11-16,present
Amelia White,2025-11-17,present
Amelia White,2025-11-18,present
Amelia White,2025-11-19,present
Amelia White,2025-11-20,present
Amelia White,2025-11-23,present
Amelia White,2025-11-24,late
Amelia White,2025-11-25,present
Amelia White,2025-11-26,present
Alexander Harris,2025-09-01,late
Alexander Harris,2025-09-02,present
Alexander Harris,2025-09-03,present
Alexander Harris,2025-09-04,present
Alexander Harris,2025-09-07,present
Alexander Harris,2025-09-08,absent
Alexander Harris,2025-09-09,present
Alexander Harris,2025-09-10,present
Alexander Harris,2025-09-11,absent
Alexander Harris,2025-09-14,present
Alexander Harris,2025-09-15,present
Alexander Harris,2025-09-16,present
Alexander Harris,2025-09-17,present
Alexander Harris,2025-09-18,present
Alexander Harris,2025-09-21,present
Alexander Harris,2025-09-22,present
Alexander Harris,2025-09-23,present
Alexander Harris,2025-09-24,present
Alexander Harris,2025-09-25,present
Alexander Harris,2025-09-28,present
Alexander Harris,2025-09-29,present
Alexander Harris,2025-09-30,present
Alexander Harris,2025-10-01,present
Alexander Harris,2025-10-02,present
Alexander Harris,2025-10-05,present
Alexander Harris,2025-10-06,absent
Alexander Harris,2025-10-07,present
Alexander Harris,2025-10-08,present
Alexander Harris,2025-10-09,present
Alexander Harris,2025-10-12,present
Alexander Harris,2025-10-13,present
Alexander Harris,2025-10-14,present
Alexander Harris,2025-10-15,present
Alexander Harris,2025-10-16,present
Alexander Harris,2025-10-19,present
Alexander Harris,2025-10-20,present
Alexander Harris,2025-10-21,present
Alexander Harris,2025-10-22,present
Alexander Harris,2025-10-23,present
Alexander Harris,2025-10-26,present
Alexander Harris,2025-10-27,present
Alexander Harris,2025-10-28,present
Alexander Harris,2025-10-29,absent
Alexander Harris,2025-10-30,absent
Alexander Harris,2025-11-02,present
Alexander Harris,2025-11-03,present
Alexander Harris,2025-11-04,present
Alexander Harris,2025-11-05,present
Alexander Harris,2025-11-06,present
Alexander Harris,2025-11-09,present
Alexander Harris,2025-11-10,present
Alexander Harris,2025-11-11,present
Alexander Harris,2025-11-12,absent
Alexander Harris,2025-11-13,present
Alexander Harris,2025-11-16,present
Alexander Harris,2025-11-17,present
Alexander Harris,2025-11-18,present
Alexander Harris,2025-11-19,present
Alexander Harris,2025-11-20,absent
Alexander Harris,2025-11-23,present
Alexander Harris,2025-11-24,present
Alexander Harris,2025-11-25,present
Alexander Harris,2025-11-26,present
Harper Clark,2025-09-01,present
Harper Clark,2025-09-02,present
Harper Clark,2025-09-03,present
Harper Clark,2025-09-04,present
Harper Clark,2025-09-07,present
Harper Clark,2025-09-08,present
Harper Clark,2025-09-09,present
Harper Clark,2025-09-10,present
Harper Clark,2025-09-11,present
Harper Clark,2025-09-14,present
Harper Clark,2025-09-15,present
Harper Clark,2025-09-16,present
Harper Clark,2025-09-17,present
Harper Clark,2025-09-18,present
Harper Clark,2025-09-21,late
Harper Clark,2025-09-22,present
Harper Clark,2025-09-23,present
Harper Clark,2025-09-24,present
Harper Clark,2025-09-25,present
Harper Clark,2025-09-28,present
Harper Clark,2025-09-29,present
Harper Clark,2025-09-30,present
Harper Clark,2025-10-01,present
Harper Clark,2025-10-02,present
Harper Clark,2025-10-05,present
Harper Clark,2025-10-06,present
Harper Clark,2025-10-07,present
Harper Clark,2025-10-08,present
Harper Clark,2025-10-09,present
Harper Clark,2025-10-12,present
Harper Clark,2025-10-13,present
Harper Clark,2025-10-14,present
Harper Clark,2025-10-15,present
Harper Clark,2025-10-16,present
Harper Clark,2025-10-19,present
Harper Clark,2025-10-20,present
Harper Clark,2025-10-21,present
Harper Clark,2025-10-22,present
Harper Clark,2025-10-23,present
Harper Clark,2025-10-26,present
Harper Clark,2025-10-27,present
Harper Clark,2025-10-28,present
Harper Clark,2025-10-29,present
Harper Clark,2025-10-30,present
Harper Clark,2025-11-02,present
Harper Clark,2025-11-03,present
Harper Clark,2025-11-04,present
Harper Clark,2025-11-05,present
Harper Clark,2025-11-06,absent
Harper Clark,2025-11-09,present
Harper Clark,2025-11-10,present
Harper Clark,2025-11-11,present
Harper Clark,2025-11-12,absent
Harper Clark,2025-11-13,present
Harper Clark,2025-11-16,present
Harper Clark,2025-11-17,present
Harper Clark,2025-11-18,present
Harper Clark,2025-11-19,present
Harper Clark,2025-11-20,present
Harper Clark,2025-11-23,present
Harper Clark,2025-11-24,present
Harper Clark,2025-11-25,present
Harper Clark,2025-11-26,late
James Lewis,2025-09-01,present
James Lewis,2025-09-02,late
James Lewis,2025-09-03,late
James Lewis,2025-09-04,present
James Lewis,2025-09-07,present
James Lewis,2025-09-08,present
James Lewis,2025-09-09,present
James Lewis,2025-09-10,present
James Lewis,2025-09-11,present
James Lewis,2025-09-14,present
James Lewis,2025-09-15,present
James Lewis,2025-09-16,present
James Lewis,2025-09-17,present
James Lewis,2025-09-18,present
James Lewis,2025-09-21,present
James Lewis,2025-09-22,present
James Lewis,2025-09-23,absent
James Lewis,2025-09-24,present
James Lewis,2025-09-25,present
James Lewis,2025-09-28,present
James Lewis,2025-09-29,present
James Lewis,2025-09-30,present
James Lewis,2025-10-01,present
James Lewis,2025-10-02,present
James Lewis,2025-10-05,present
James Lewis,2025-10-06,present
James Lewis,2025-10-07,present
James Lewis,2025-10-08,present
James Lewis,2025-10-09,present
James Lewis,2025-10-12,present
James Lewis,2025-10-13,present
James Lewis,2025-10-14,present
James Lewis,2025-10-15,present
James Lewis,2025-10-16,present
James Lewis,2025-10-19,present
James Lewis,2025-10-20,present
James Lewis,2025-10-21,present
James Lewis,2025-10-22,present
James Lewis,2025-10-23,present
James Lewis,2025-10-26,late
James Lewis,2025-10-27,present
James Lewis,2025-10-28,present
James Lewis,2025-10-29,present
James Lewis,2025-10-30,absent
James Lewis,2025-11-02,absent
James Lewis,2025-11-03,present
James Lewis,2025-11-04,present
James Lewis,2025-11-05,present
James Lewis,2025-11-06,present
James Lewis,2025-11-09,present
James Lewis,2025-11-10,present
James Lewis,2025-11-11,present
James Lewis,2025-11-12,present
James Lewis,2025-11-13,present
James Lewis,2025-11-16,present
James Lewis,2025-11-17,present
James Lewis,2025-11-18,present
James Lewis,2025-11-19,present
James Lewis,2025-11-20,present
James Lewis,2025-11-23,absent
James Lewis,2025-11-24,present
James Lewis,2025-11-25,present
James Lewis,2025-11-26,present
Evelyn Robinson,2025-09-01,present
Evelyn Robinson,2025-09-02,present
Evelyn Robinson,2025-09-03,late
Evelyn Robinson,2025-09-04,present
Evelyn Robinson,2025-09-07,present
Evelyn Robinson,2025-09-08,present
Evelyn Robinson,2025-09-09,present
Evelyn Robinson,2025-09-10,present
Evelyn Robinson,2025-09-11,present
Evelyn Robinson,2025-09-14,present
Evelyn Robinson,2025-09-15,present
Evelyn Robinson,2025-09-16,present
Evelyn Robinson,2025-09-17,present
Evelyn Robinson,2025-09-18,present
Evelyn Robinson,2025-09-21,present
Evelyn Robinson,2025-09-22,present
Evelyn Robinson,2025-09-23,present
Evelyn Robinson,2025-09-24,present
Evelyn Robinson,2025-09-25,present
Evelyn Robinson,2025-09-28,present
Evelyn Robinson,2025-09-29,present
Evelyn Robinson,2025-09-30,present
Evelyn Robinson,2025-10-01,present
Evelyn Robinson,2025-10-02,present
Evelyn Robinson,2025-10-05,present
Evelyn Robinson,2025-10-06,absent
Evelyn Robinson,2025-10-07,present
Evelyn Robinson,2025-10-08,late
Evelyn Robinson,2025-10-09,present
Evelyn Robinson,2025-10-12,present
Evelyn Robinson,2025-10-13,present
Evelyn Robinson,2025-10-14,present
Evelyn Robinson,2025-10-15,present
Evelyn Robinson,2025-10-16,present
Evelyn Robinson,2025-10-19,present
Evelyn Robinson,2025-10-20,present
Evelyn Robinson,2025-10-21,present
Evelyn Robinson,2025-10-22,present
Evelyn Robinson,2025-10-23,present
Evelyn Robinson,2025-10-26,present
Evelyn Robinson,2025-10-27,present
Evelyn Robinson,2025-10-28,present
Evelyn Robinson,2025-10-29,absent
Evelyn Robinson,2025-10-30,present
Evelyn Robinson,2025-11-02,present
Evelyn Robinson,2025-11-03,present
Evelyn Robinson,2025-11-04,present
Evelyn Robinson,2025-11-05,present
Evelyn Robinson,2025-11-06,present
Evelyn Robinson,2025-11-09,present
Evelyn Robinson,2025-11-10,present
Evelyn Robinson,2025-11-11,present
Evelyn Robinson,2025-11-12,present
Evelyn Robinson,2025-11-13,present
Evelyn Robinson,2025-11-16,present
Evelyn Robinson,2025-11-17,present
Evelyn Robinson,2025-11-18,present
Evelyn Robinson,2025-11-19,present
Evelyn Robinson,2025-11-20,present
Evelyn Robinson,2025-11-23,present
Evelyn Robinson,2025-11-24,present
Evelyn Robinson,2025-11-25,present
Evelyn Robinson,2025-11-26,present
Benjamin Walker,2025-09-01,present
Benjamin Walker,2025-09-02,present
Benjamin Walker,2025-09-03,late
Benjamin Walker,2025-09-04,present
Benjamin Walker,2025-09-07,present
Benjamin Walker,2025-09-08,present
Benjamin Walker,2025-09-09,absent
Benjamin Walker,2025-09-10,late
Benjamin Walker,2025-09-11,present
Benjamin Walker,2025-09-14,present
Benjamin Walker,2025-09-15,present
Benjamin Walker,2025-09-16,present
Benjamin Walker,2025-09-17,present
Benjamin Walker,2025-09-18,present
Benjamin Walker,2025-09-21,present
Benjamin Walker,2025-09-22,absent
Benjamin Walker,2025-09-23,present
Benjamin Walker,2025-09-24,absent
Benjamin Walker,2025-09-25,present
Benjamin Walker,2025-09-28,present
Benjamin Walker,2025-09-29,present
Benjamin Walker,2025-09-30,present
Benjamin Walker,2025-10-01,present
Benjamin Walker,2025-10-02,present
Benjamin Walker,2025-10-05,present
Benjamin Walker,2025-10-06,present
Benjamin Walker,2025-10-07,present
Benjamin Walker,2025-10-08,present
Benjamin Walker,2025-10-09,absent
Benjamin Walker,2025-10-12,present
Benjamin Walker,2025-10-13,present
Benjamin Walker,2025-10-14,present
Benjamin Walker,2025-10-15,absent
Benjamin Walker,2025-10-16,present
Benjamin Walker,2025-10-19,late
Benjamin Walker,2025-10-20,present
Benjamin Walker,2025-10-21,present
Benjamin Walker,2025-10-22,present
Benjamin Walker,2025-10-23,present
Benjamin Walker,2025-10-26,present
Benjamin Walker,2025-10-27,present
Benjamin Walker,2025-10-28,late
Benjamin Walker,2025-10-29,absent
Benjamin Walker,2025-10-30,present
Benjamin Walker,2025-11-02,present
Benjamin Walker,2025-11-03,present
Benjamin Walker,2025-11-04,present
Benjamin Walker,2025-11-05,present
Benjamin Walker,2025-11-06,present
Benjamin Walker,2025-11-09,present
Benjamin Walker,2025-11-10,present
Benjamin Walker,2025-11-11,absent
Benjamin Walker,2025-11-12,present
Benjamin Walker,2025-11-13,present
Benjamin Walker,2025-11-16,present
Benjamin Walker,2025-11-17,present
Benjamin Walker,2025-11-18,present
Benjamin Walker,2025-11-19,present
Benjamin Walker,2025-11-20,present
Benjamin Walker,2025-11-23,present
Benjamin Walker,2025-11-24,present
Benjamin Walker,2025-11-25,present
Benjamin Walker,2025-11-26,present
Abigail Hall,2025-09-01,present
Abigail Hall,2025-09-02,present
Abigail Hall,2025-09-03,present
Abigail Hall,2025-09-04,present
Abigail Hall,2025-09-07,present
Abigail Hall,2025-09-08,present
Abigail Hall,2025-09-09,present
Abigail Hall,2025-09-10,present
Abigail Hall,2025-09-11,present
Abigail Hall,2025-09-14,present
Abigail Hall,2025-09-15,present
Abigail Hall,2025-09-16,present
Abigail Hall,2025-09-17,present
Abigail Hall,2025-09-18,present
Abigail Hall,2025-09-21,present
Abigail Hall,2025-09-22,present
Abigail Hall,2025-09-23,present
Abigail Hall,2025-09-24,present
Abigail Hall,2025-09-25,present
Abigail Hall,2025-09-28,present
Abigail Hall,2025-09-29,present
Abigail Hall,2025-09-30,present
Abigail Hall,2025-10-01,present
Abigail Hall,2025-10-02,present
Abigail Hall,2025-10-05,present
Abigail Hall,2025-10-06,present
Abigail Hall,2025-10-07,present
Abigail Hall,2025-10-08,present
Abigail Hall,2025-10-09,present
Abigail Hall,2025-10-12,present
Abigail Hall,2025-10-13,present
Abigail Hall,2025-10-14,present
Abigail Hall,2025-10-15,present
Abigail Hall,2025-10-16,present
Abigail Hall,2025-10-19,present
Abigail Hall,2025-10-20,absent
Abigail Hall,2025-10-21,present
Abigail Hall,2025-10-22,present
Abigail Hall,2025-10-23,present
Abigail Hall,2025-10-26,present
Abigail Hall,2025-10-27,present
Abigail Hall,2025-10-28,present
Abigail Hall,2025-10-29,present
Abigail Hall,2025-10-30,present
Abigail Hall,2025-11-02,present
Abigail Hall,2025-11-03,present
Abigail Hall,2025-11-04,absent
Abigail Hall,2025-11-05,present
Abigail Hall,2025-11-06,present
Abigail Hall,2025-11-09,present
Abigail Hall,2025-11-10,present
Abigail Hall,2025-11-11,present
Abigail Hall,2025-11-12,present
Abigail Hall,2025-11-13,present
Abigail Hall,2025-11-16,present
Abigail Hall,2025-11-17,present
Abigail Hall,2025-11-18,present
Abigail Hall,2025-11-19,present
Abigail Hall,2025-11-20,present
Abigail Hall,2025-11-23,present
Abigail Hall,2025-11-24,present
Abigail Hall,2025-11-25,present
Abigail Hall,2025-11-26,late
Henry Allen,2025-09-01,present
Henry Allen,2025-09-02,present
Henry Allen,2025-09-03,present
Henry Allen,2025-09-04,absent
Henry Allen,2025-09-07,present
Henry Allen,2025-09-08,present
Henry Allen,2025-09-09,present
Henry Allen,2025-09-10,present
Henry Allen,2025-09-11,present
Henry Allen,2025-09-14,present
Henry Allen,2025-09-15,present
Henry Allen,2025-09-16,present
Henry Allen,2025-09-17,present
Henry Allen,2025-09-18,present
Henry Allen,2025-09-21,present
Henry Allen,2025-09-22,present
Henry Allen,2025-09-23,present
Henry Allen,2025-09-24,present
Henry Allen,2025-09-25,present
Henry Allen,2025-09-28,present
Henry Allen,2025-09-29,present
Henry Allen,2025-09-30,present
Henry Allen,2025-10-01,present
Henry Allen,2025-10-02,present
Henry Allen,2025-10-05,absent
Henry Allen,2025-10-06,present
Henry Allen,2025-10-07,present
Henry Allen,2025-10-08,absent
Henry Allen,2025-10-09,present
Henry Allen,2025-10-12,present
Henry Allen,2025-10-13,present
Henry Allen,2025-10-14,present
Henry Allen,2025-10-15,present
Henry Allen,2025-10-16,absent
Henry Allen,2025-10-19,present
Henry Allen,2025-10-20,present
Henry Allen,2025-10-21,present
Henry Allen,2025-10-22,present
Henry Allen,2025-10-23,present
Henry Allen,2025-10-26,present
Henry Allen,2025-10-27,present
Henry Allen,2025-10-28,present
Henry Allen,2025-10-29,present
Henry Allen,2025-10-30,present
Henry Allen,2025-11-02,present
Henry Allen,2025-11-03,present
Henry Allen,2025-11-04,present
Henry Allen,2025-11-05,present
Henry Allen,2025-11-06,present
Henry Allen,2025-11-09,present
Henry Allen,2025-11-10,present
Henry Allen,2025-11-11,present
Henry Allen,2025-11-12,present
Henry Allen,2025-11-13,present
Henry Allen,2025-11-16,present
Henry Allen,2025-11-17,present
Henry Allen,2025-11-18,present
Henry Allen,2025-11-19,present
Henry Allen,2025-11-20,present
Henry Allen,2025-11-23,present
Henry Allen,2025-11-24,present
Henry Allen,2025-11-25,present
Henry Allen,2025-11-26,present
Emily Young,2025-09-01,present
Emily Young,2025-09-02,present
Emily Young,2025-09-03,present
Emily Young,2025-09-04,present
Emily Young,2025-09-07,present
Emily Young,2025-09-08,present
Emily Young,2025-09-09,present
Emily Young,2025-09-10,present
Emily Young,2025-09-11,present
Emily Young,2025-09-14,present
Emily Young,2025-09-15,present
Emily Young,2025-09-16,present
Emily Young,2025-09-17,present
Emily Young,2025-09-18,present
Emily Young,2025-09-21,present
Emily Young,2025-09-22,present
Emily Young,2025-09-23,present
Emily Young,2025-09-24,present
Emily Young,2025-09-25,present
Emily Young,2025-09-28,present
Emily Young,2025-09-29,present
Emily Young,2025-09-30,present
Emily Young,2025-10-01,present
Emily Young,2025-10-02,late
Emily Young,2025-10-05,present
Emily Young,2025-10-06,present
Emily Young,2025-10-07,present
Emily Young,2025-10-08,present
Emily Young,2025-10-09,present
Emily Young,2025-10-12,present
Emily Young,2025-10-13,present
Emily Young,2025-10-14,present
Emily Young,2025-10-15,present
Emily Young,2025-10-16,present
Emily Young,2025-10-19,absent
Emily Young,2025-10-20,present
Emily Young,2025-10-21,present
Emily Young,2025-10-22,present
Emily Young,2025-10-23,present
Emily Young,2025-10-26,present
Emily Young,2025-10-27,present
Emily Young,2025-10-28,late
Emily Young,2025-10-29,present
Emily Young,2025-10-30,present
Emily Young,2025-11-02,present
Emily Young,2025-11-03,present
Emily Young,2025-11-04,present
Emily Young,2025-11-05,absent
Emily Young,2025-11-06,present
Emily Young,2025-11-09,present
Emily Young,2025-11-10,present
Emily Young,2025-11-11,present
Emily Young,2025-11-12,present
Emily Young,2025-11-13,present
Emily Young,2025-11-16,present
Emily Young,2025-11-17,present
Emily Young,2025-11-18,present
Emily Young,2025-11-19,present
Emily Young,2025-11-20,present
Emily Young,2025-11-23,present
Emily Young,2025-11-24,present
Emily Young,2025-11-25,present
Emily Young,2025-11-26,late
Daniel King,2025-09-01,present
Daniel King,2025-09-02,present
Daniel King,2025-09-03,present
Daniel King,2025-09-04,present
Daniel King,2025-09-07,present
Daniel King,2025-09-08,present
Daniel King,2025-09-09,present
Daniel King,2025-09-10,absent
Daniel King,2025-09-11,present
Daniel King,2025-09-14,present
Daniel King,2025-09-15,present
Daniel King,2025-09-16,absent
Daniel King,2025-09-17,present
Daniel King,2025-09-18,present
Daniel King,2025-09-21,present
Daniel King,2025-09-22,late
Daniel King,2025-09-23,present
Daniel King,2025-09-24,present
Daniel King,2025-09-25,present
Daniel King,2025-09-28,present
Daniel King,2025-09-29,present
Daniel King,2025-09-30,absent
Daniel King,2025-10-01,present
Daniel King,2025-10-02,present
Daniel King,2025-10-05,absent
Daniel King,2025-10-06,present
Daniel King,2025-10-07,present
Daniel King,2025-10-08,present
Daniel King,2025-10-09,present
Daniel King,2025-10-12,present
Daniel King,2025-10-13,late
Daniel King,2025-10-14,present
Daniel King,2025-10-15,present
Daniel King,2025-10-16,present
Daniel King,2025-10-19,present
Daniel King,2025-10-20,present
Daniel King,2025-10-21,present
Daniel King,2025-10-22,present
Daniel King,2025-10-23,present
Daniel King,2025-10-26,present
Daniel King,2025-10-27,present
Daniel King,2025-10-28,present
Daniel King,2025-10-29,present
Daniel King,2025-10-30,present
Daniel King,2025-11-02,present
Daniel King,2025-11-03,present
Daniel King,2025-11-04,present
Daniel King,2025-11-05,present
Daniel King,2025-11-06,present
Daniel King,2025-11-09,present
Daniel King,2025-11-10,late
Daniel King,2025-11-11,present
Daniel King,2025-11-12,present
Daniel King,2025-11-13,present
Daniel King,2025-11-16,absent
Daniel King,2025-11-17,present
Daniel King,2025-11-18,present
Daniel King,2025-11-19,present
Daniel King,2025-11-20,present
Daniel King,2025-11-23,absent
Daniel King,2025-11-24,present
Daniel King,2025-11-25,present
Daniel King,2025-11-26,present
Scarlett Wright,2025-09-01,present
Scarlett Wright,2025-09-02,present
Scarlett Wright,2025-09-03,present
Scarlett Wright,2025-09-04,present
Scarlett Wright,2025-09-07,present
Scarlett Wright,2025-09-08,present
Scarlett Wright,2025-09-09,present
Scarlett Wright,2025-09-10,present
Scarlett Wright,2025-09-11,present
Scarlett Wright,2025-09-14,present
Scarlett Wright,2025-09-15,present
Scarlett Wright,2025-09-16,present
Scarlett Wright,2025-09-17,present
Scarlett Wright,2025-09-18,absent
Scarlett Wright,2025-09-21,present
Scarlett Wright,2025-09-22,present
Scarlett Wright,2025-09-23,present
Scarlett Wright,2025-09-24,present
Scarlett Wright,2025-09-25,present
Scarlett Wright,2025-09-28,absent
Scarlett Wright,2025-09-29,present
Scarlett Wright,2025-09-30,present
Scarlett Wright,2025-10-01,present
Scarlett Wright,2025-10-02,present
Scarlett Wright,2025-10-05,present
Scarlett Wright,2025-10-06,present
Scarlett Wright,2025-10-07,present
Scarlett Wright,2025-10-08,present
Scarlett Wright,2025-10-09,present
Scarlett Wright,2025-10-12,present
Scarlett Wright,2025-10-13,present
Scarlett Wright,2025-10-14,present
Scarlett Wright,2025-10-15,present
Scarlett Wright,2025-10-16,present
Scarlett Wright,2025-10-19,present
Scarlett Wright,2025-10-20,present
Scarlett Wright,2025-10-21,present
Scarlett Wright,2025-10-22,present
Scarlett Wright,2025-10-23,present
Scarlett Wright,2025-10-26,present
Scarlett Wright,2025-10-27,present
Scarlett Wright,2025-10-28,present
Scarlett Wright,2025-10-29,present
Scarlett Wright,2025-10-30,present
Scarlett Wright,2025-11-02,present
Scarlett Wright,2025-11-03,present
Scarlett Wright,2025-11-04,absent
Scarlett Wright,2025-11-05,present
Scarlett Wright,2025-11-06,present
Scarlett Wright,2025-11-09,present
Scarlett Wright,2025-11-10,present
Scarlett Wright,2025-11-11,present
Scarlett Wright,2025-11-12,present
Scarlett Wright,2025-11-13,present
Scarlett Wright,2025-11-16,present
Scarlett Wright,2025-11-17,present
Scarlett Wright,2025-11-18,present
Scarlett Wright,2025-11-19,present
Scarlett Wright,2025-11-20,present
Scarlett Wright,2025-11-23,present
Scarlett Wright,2025-11-24,present
Scarlett Wright,2025-11-25,present
Scarlett Wright,2025-11-26,present
Sebastian Scott,2025-09-01,present
Sebastian Scott,2025-09-02,present
Sebastian Scott,2025-09-03,present
Sebastian Scott,2025-09-04,present
Sebastian Scott,2025-09-07,present
Sebastian Scott,2025-09-08,present
Sebastian Scott,2025-09-09,present
Sebastian Scott,2025-09-10,present
Sebastian Scott,2025-09-11,present
Sebastian Scott,2025-09-14,present
Sebastian Scott,2025-09-15,present
Sebastian Scott,2025-09-16,present
Sebastian Scott,2025-09-17,present
Sebastian Scott,2025-09-18,present
Sebastian Scott,2025-09-21,present
Sebastian Scott,2025-09-22,present
Sebastian Scott,2025-09-23,present
Sebastian Scott,2025-09-24,present
Sebastian Scott,2025-09-25,absent
Sebastian Scott,2025-09-28,present
Sebastian Scott,2025-09-29,present
Sebastian Scott,2025-09-30,absent
Sebastian Scott,2025-10-01,present
Sebastian Scott,2025-10-02,present
Sebastian Scott,2025-10-05,present
Sebastian Scott,2025-10-06,present
Sebastian Scott,2025-10-07,present
Sebastian Scott,2025-10-08,present
Sebastian Scott,2025-10-09,absent
Sebastian Scott,2025-10-12,present
Sebastian Scott,2025-10-13,present
Sebastian Scott,2025-10-14,present
Sebastian Scott,2025-10-15,present
Sebastian Scott,2025-10-16,present
Sebastian Scott,2025-10-19,present
Sebastian Scott,2025-10-20,present
Sebastian Scott,2025-10-21,present
Sebastian Scott,2025-10-22,present
Sebastian Scott,2025-10-23,present
Sebastian Scott,2025-10-26,present
Sebastian Scott,2025-10-27,present
Sebastian Scott,2025-10-28,present
Sebastian Scott,2025-10-29,present
Sebastian Scott,2025-10-30,present
Sebastian Scott,2025-11-02,present
Sebastian Scott,2025-11-03,present
Sebastian Scott,2025-11-04,present
Sebastian Scott,2025-11-05,present
Sebastian Scott,2025-11-06,present
Sebastian Scott,2025-11-09,present
Sebastian Scott,2025-11-10,present
Sebastian Scott,2025-11-11,present
Sebastian Scott,2025-11-12,present
Sebastian Scott,2025-11-13,present
Sebastian Scott,2025-11-16,present
Sebastian Scott,2025-11-17,present
Sebastian Scott,2025-11-18,present
Sebastian Scott,2025-11-19,present
Sebastian Scott,2025-11-20,present
Sebastian Scott,2025-11-23,present
Sebastian Scott,2025-11-24,present
Sebastian Scott,2025-11-25,present
Sebastian Scott,2025-11-26,absent
